,Area,Circ.,AR,Round,Solidity,Pore Type,Pore
12,9.674,1.0,1.809,0.553,0.8,G,5LTI
14,1.612,1.0,1.0,1.0,1.0,G,5LTI
33,8.062,1.0,1.553,0.644,0.909,G,5LTI
34,11.286,1.0,1.596,0.626,0.875,G,5LTI
35,1.612,1.0,1.0,1.0,1.0,G,5LTI
36,3.225,1.0,2.0,0.5,1.0,G,5LTI
37,1.612,1.0,1.0,1.0,1.0,G,5LTI
38,19.348,0.719,2.949,0.339,0.8,G,5LTI
39,3.225,1.0,2.0,0.5,1.0,G,5LTI
40,3.225,1.0,2.0,0.5,1.0,G,5LTI
41,8.062,1.0,1.553,0.644,0.909,G,5LTI
42,14.511,1.0,1.817,0.55,0.857,G,5LTI
43,1.612,1.0,1.0,1.0,1.0,G,5LTI
44,1.612,1.0,1.0,1.0,1.0,G,5LTI
45,283.766,0.382,5.286,0.189,0.755,G,5LTI
46,3.225,1.0,2.0,0.5,1.0,G,5LTI
47,6.449,1.0,1.468,0.681,0.8,G,5LTI
48,1.612,1.0,1.0,1.0,1.0,G,5LTI
49,1.612,1.0,1.0,1.0,1.0,G,5LTI
50,494.978,0.625,2.611,0.383,0.867,G,5LTI
51,1.612,1.0,1.0,1.0,1.0,G,5LTI
52,3.225,1.0,2.0,0.5,1.0,G,5LTI
53,8.062,1.0,1.553,0.644,0.909,G,5LTI
54,1.612,1.0,1.0,1.0,1.0,G,5LTI
55,95.126,0.23,2.135,0.468,0.48,G,5LTI
56,1.612,1.0,1.0,1.0,1.0,G,5LTI
57,367.606,0.627,1.987,0.503,0.843,G,5LTI
58,1.612,1.0,1.0,1.0,1.0,G,5LTI
59,4.837,0.967,3.0,0.333,1.0,G,5LTI
60,4.837,0.967,3.0,0.333,1.0,G,5LTI
61,146.72,0.826,1.512,0.661,0.879,G,5LTI
62,54.818,0.919,1.359,0.736,0.872,G,5LTI
63,9.674,0.769,2.81,0.356,0.75,G,5LTI
64,4.837,0.643,2.702,0.37,0.667,G,5LTI
65,4.837,1.0,1.464,0.683,0.857,G,5LTI
66,11.286,0.687,2.211,0.452,0.636,G,5LTI
67,8.062,0.674,2.61,0.383,0.769,G,5LTI
68,1.612,1.0,1.0,1.0,1.0,G,5LTI
69,8.062,0.674,2.749,0.364,0.769,G,5LTI
70,1447.85,0.353,1.606,0.623,0.845,G,5LTI
71,3.225,1.0,2.0,0.5,1.0,G,5LTI
72,8.062,1.0,1.553,0.644,0.909,G,5LTI
73,1.612,1.0,1.0,1.0,1.0,G,5LTI
74,1.612,1.0,1.0,1.0,1.0,G,5LTI
75,67.717,0.744,1.193,0.838,0.808,G,5LTI
76,11.286,0.718,2.423,0.413,0.824,G,5LTI
77,49.981,0.907,1.521,0.658,0.873,G,5LTI
78,199.926,0.882,1.383,0.723,0.912,G,5LTI
79,3.225,0.785,2.646,0.378,0.667,G,5LTI
80,14.511,0.726,2.674,0.374,0.75,G,5LTI
81,688.454,0.593,2.557,0.391,0.88,G,5LTI
82,1.612,1.0,1.0,1.0,1.0,G,5LTI
83,1.612,1.0,1.0,1.0,1.0,G,5LTI
84,14.511,1.0,1.536,0.651,0.857,G,5LTI
85,9.674,1.0,1.809,0.553,0.8,G,5LTI
86,8.062,1.0,1.553,0.644,0.909,G,5LTI
87,646.534,0.429,3.315,0.302,0.822,G,5LTI
88,8.062,0.536,5.0,0.2,1.0,G,5LTI
89,3.225,1.0,2.0,0.5,1.0,G,5LTI
90,9.674,1.0,1.5,0.667,1.0,G,5LTI
91,14.511,0.799,1.755,0.57,0.75,G,5LTI
92,58.043,0.365,2.084,0.48,0.742,G,5LTI
93,1.612,1.0,1.0,1.0,1.0,G,5LTI
94,1.612,1.0,1.0,1.0,1.0,G,5LTI
95,14.511,1.0,1.542,0.648,0.857,G,5LTI
96,25.797,0.423,1.459,0.686,0.533,G,5LTI
98,3.225,1.0,2.0,0.5,1.0,G,5LTI
99,138.658,0.41,3.267,0.306,0.683,G,5LTI
102,30.634,0.796,1.84,0.543,0.809,G,5LTI
103,588.491,0.161,3.68,0.272,0.548,G,5LTI
104,3.225,1.0,2.0,0.5,1.0,G,5LTI
105,29.021,0.687,1.159,0.863,0.75,G,5LTI
118,3.225,1.0,2.0,0.5,1.0,G,5LTI
119,9.674,0.809,2.237,0.447,0.857,G,5LTI
120,169.292,0.823,1.179,0.849,0.879,G,5LTI
123,1.612,1.0,1.0,1.0,1.0,G,5LTI
125,11.286,1.0,1.596,0.626,0.875,G,5LTI
126,3.225,1.0,2.0,0.5,1.0,G,5LTI
127,3.225,1.0,2.0,0.5,1.0,G,5LTI
128,14.511,1.0,1.34,0.746,0.857,G,5LTI
129,1.612,1.0,1.0,1.0,1.0,G,5LTI
131,6.449,0.857,2.0,0.5,0.8,G,5LTI
132,6.449,1.0,1.0,1.0,1.0,G,5LTI
133,19.348,0.781,2.016,0.496,0.8,G,5LTI
134,117.698,0.499,1.868,0.535,0.685,G,5LTI
135,3.225,1.0,2.0,0.5,1.0,G,5LTI
136,3.225,1.0,2.0,0.5,1.0,G,5LTI
137,56.431,0.462,2.011,0.497,0.7,G,5LTI
138,6.449,1.0,1.0,1.0,1.0,G,5LTI
139,1.612,1.0,1.0,1.0,1.0,G,5LTI
140,25.797,1.0,1.234,0.81,0.889,G,5LTI
141,1.612,1.0,1.0,1.0,1.0,G,5LTI
142,35.471,0.723,1.799,0.556,0.786,G,5LTI
143,3.225,0.785,2.646,0.378,0.667,G,5LTI
144,3.225,1.0,2.0,0.5,1.0,G,5LTI
145,1.612,1.0,1.0,1.0,1.0,G,5LTI
146,59.655,0.532,1.818,0.55,0.763,G,5LTI
147,3.225,1.0,2.0,0.5,1.0,G,5LTI
148,8.062,0.873,1.496,0.668,0.714,G,5LTI
149,1.612,1.0,1.0,1.0,1.0,G,5LTI
150,17.735,1.0,1.372,0.729,0.957,G,5LTI
151,4.837,1.0,1.464,0.683,0.857,G,5LTI
152,1.612,1.0,1.0,1.0,1.0,G,5LTI
153,1.612,1.0,1.0,1.0,1.0,G,5LTI
154,9.674,0.484,3.827,0.261,0.632,G,5LTI
155,20.96,0.753,2.079,0.481,0.765,G,5LTI
156,1.612,1.0,1.0,1.0,1.0,G,5LTI
157,6.449,0.857,2.0,0.5,0.8,G,5LTI
158,16.123,1.0,1.551,0.645,0.909,G,5LTI
159,1.612,1.0,1.0,1.0,1.0,G,5LTI
160,12.898,0.914,1.308,0.764,0.8,G,5LTI
161,3.225,1.0,2.0,0.5,1.0,G,5LTI
162,1.612,1.0,1.0,1.0,1.0,G,5LTI
163,1.612,1.0,1.0,1.0,1.0,G,5LTI
164,1.612,1.0,1.0,1.0,1.0,G,5LTI
165,3.225,1.0,2.0,0.5,1.0,G,5LTI
166,3.225,0.785,2.646,0.378,0.667,G,5LTI
167,1.612,1.0,1.0,1.0,1.0,G,5LTI
168,3.225,1.0,2.0,0.5,1.0,G,5LTI
169,11.286,0.8,2.408,0.415,0.737,G,5LTI
170,3.225,1.0,2.0,0.5,1.0,G,5LTI
171,43.532,0.611,1.954,0.512,0.771,G,5LTI
172,25.797,0.795,1.442,0.693,0.865,G,5LTI
173,3.225,0.785,2.646,0.378,0.667,G,5LTI
174,6.449,0.857,2.0,0.5,0.8,G,5LTI
175,22.572,0.564,3.823,0.262,0.933,G,5LTI
176,9.674,0.615,3.254,0.307,0.75,G,5LTI
177,3.225,0.785,2.646,0.378,0.667,G,5LTI
178,1.612,1.0,1.0,1.0,1.0,G,5LTI
179,83.84,0.623,1.748,0.572,0.825,G,5LTI
180,6.449,0.698,1.637,0.611,0.727,G,5LTI
181,1.612,1.0,1.0,1.0,1.0,G,5LTI
182,6.449,1.0,1.0,1.0,1.0,G,5LTI
183,1.612,1.0,1.0,1.0,1.0,G,5LTI
184,4.837,0.809,3.0,0.333,1.0,G,5LTI
185,19.348,0.781,1.892,0.529,0.828,G,5LTI
186,6.449,0.857,1.468,0.681,0.8,G,5LTI
188,1.612,1.0,1.0,1.0,1.0,G,5LTI
189,8.062,0.764,2.749,0.364,0.769,G,5LTI
190,3.225,1.0,2.0,0.5,1.0,G,5LTI
191,8.062,0.572,1.848,0.541,0.667,G,5LTI
192,1.612,1.0,1.0,1.0,1.0,G,5LTI
193,1.612,1.0,1.0,1.0,1.0,G,5LTI
194,8.062,0.674,1.727,0.579,0.714,G,5LTI
195,1.612,1.0,1.0,1.0,1.0,G,5LTI
196,16.123,0.887,1.383,0.723,0.769,G,5LTI
197,9.674,1.0,1.291,0.775,0.8,G,5LTI
198,8.062,1.0,1.553,0.644,0.909,G,5LTI
199,12.898,0.914,1.939,0.516,0.842,G,5LTI
200,6.449,0.611,3.493,0.286,0.667,G,5LTI
201,3.225,1.0,2.0,0.5,1.0,G,5LTI
222,7.768,1.0,1.553,0.644,0.909,G,10CBI
223,7.768,1.0,1.553,0.644,0.909,G,10CBI
224,20.197,0.753,1.883,0.531,0.812,G,10CBI
225,20.197,0.779,2.231,0.448,0.839,G,10CBI
226,6.215,1.0,1.0,1.0,1.0,G,10CBI
227,52.823,0.685,1.318,0.759,0.791,G,10CBI
228,4.661,1.0,1.464,0.683,0.857,G,10CBI
229,7.768,1.0,1.553,0.644,0.909,G,10CBI
230,1.554,1.0,1.0,1.0,1.0,G,10CBI
231,1.554,1.0,1.0,1.0,1.0,G,10CBI
232,7.768,1.0,1.553,0.644,0.909,G,10CBI
233,23.304,0.898,1.607,0.622,0.882,G,10CBI
234,7.768,1.0,1.553,0.644,0.909,G,10CBI
235,3.107,1.0,2.0,0.5,1.0,G,10CBI
236,4.661,1.0,1.464,0.683,0.857,G,10CBI
237,1.554,1.0,1.0,1.0,1.0,G,10CBI
238,3.107,1.0,2.0,0.5,1.0,G,10CBI
239,9.322,1.0,1.5,0.667,1.0,G,10CBI
240,1.554,1.0,1.0,1.0,1.0,G,10CBI
241,9.322,1.0,1.809,0.553,0.8,G,10CBI
242,1.554,1.0,1.0,1.0,1.0,G,10CBI
243,1.554,1.0,1.0,1.0,1.0,G,10CBI
244,13.983,1.0,1.817,0.55,0.857,G,10CBI
245,1.554,1.0,1.0,1.0,1.0,G,10CBI
246,1.554,1.0,1.0,1.0,1.0,G,10CBI
247,4.661,1.0,1.464,0.683,0.857,G,10CBI
248,1.554,1.0,1.0,1.0,1.0,G,10CBI
249,1.554,1.0,1.0,1.0,1.0,G,10CBI
250,1.554,1.0,1.0,1.0,1.0,G,10CBI
251,3.107,0.785,2.646,0.378,0.667,G,10CBI
252,1.554,1.0,1.0,1.0,1.0,G,10CBI
253,15.536,0.674,2.953,0.339,0.909,G,10CBI
254,1.554,1.0,1.0,1.0,1.0,G,10CBI
255,6.215,1.0,1.0,1.0,1.0,G,10CBI
256,1.554,1.0,1.0,1.0,1.0,G,10CBI
257,6.215,1.0,1.0,1.0,1.0,G,10CBI
258,7.768,0.873,2.308,0.433,0.769,G,10CBI
259,3.107,1.0,2.0,0.5,1.0,G,10CBI
260,1.554,1.0,1.0,1.0,1.0,G,10CBI
261,1.554,1.0,1.0,1.0,1.0,G,10CBI
262,4.661,1.0,1.464,0.683,0.857,G,10CBI
296,9.673,1.0,1.5,0.667,1.0,G,21LBO
297,25.794,0.795,1.946,0.514,0.821,G,21LBO
298,195.068,0.31,2.841,0.352,0.635,G,21LBO
299,4.836,0.809,3.0,0.333,1.0,G,21LBO
300,8.061,1.0,1.553,0.644,0.909,G,21LBO
301,1.612,1.0,1.0,1.0,1.0,G,21LBO
302,1.612,1.0,1.0,1.0,1.0,G,21LBO
303,11.285,0.496,3.109,0.322,0.583,G,21LBO
304,9.673,0.809,2.237,0.447,0.857,G,21LBO
305,3.224,0.785,2.646,0.378,0.667,G,21LBO
306,1.612,1.0,1.0,1.0,1.0,G,21LBO
307,4.836,0.809,3.0,0.333,1.0,G,21LBO
308,1.612,1.0,1.0,1.0,1.0,G,21LBO
309,4.836,0.643,2.702,0.37,0.667,G,21LBO
310,38.691,0.334,2.649,0.378,0.608,G,21LBO
311,1.612,1.0,1.0,1.0,1.0,G,21LBO
312,4.836,1.0,1.464,0.683,0.857,G,21LBO
314,29.018,0.606,2.631,0.38,0.75,G,21LBO
315,24.182,0.552,1.589,0.629,0.667,G,21LBO
316,166.05,0.187,2.023,0.494,0.595,G,21LBO
317,1.612,1.0,1.0,1.0,1.0,G,21LBO
318,3.224,1.0,2.0,0.5,1.0,G,21LBO
319,1.612,1.0,1.0,1.0,1.0,G,21LBO
320,30.631,0.775,1.427,0.701,0.776,G,21LBO
321,35.467,0.405,3.501,0.286,0.611,G,21LBO
322,3.224,1.0,2.0,0.5,1.0,G,21LBO
323,1.612,1.0,1.0,1.0,1.0,G,21LBO
324,14.509,1.0,1.185,0.844,0.857,G,21LBO
325,20.958,0.496,1.713,0.584,0.605,G,21LBO
326,9.673,1.0,1.5,0.667,1.0,G,21LBO
327,214.414,0.15,1.84,0.544,0.547,G,21LBO
328,1.612,1.0,1.0,1.0,1.0,G,21LBO
329,1.612,1.0,1.0,1.0,1.0,G,21LBO
330,3.224,1.0,2.0,0.5,1.0,G,21LBO
331,3.224,1.0,2.0,0.5,1.0,G,21LBO
332,8.061,1.0,1.553,0.644,0.909,G,21LBO
333,22.57,0.838,2.03,0.493,0.903,G,21LBO
334,32.243,0.764,1.204,0.831,0.816,G,21LBO
335,11.285,0.472,3.579,0.279,0.737,G,21LBO
336,3.224,1.0,2.0,0.5,1.0,G,21LBO
337,19.346,0.643,1.733,0.577,0.727,G,21LBO
338,4.836,1.0,1.464,0.683,0.857,G,21LBO
339,29.018,0.687,1.574,0.635,0.75,G,21LBO
340,6.449,0.857,1.468,0.681,0.8,G,21LBO
341,3.224,1.0,2.0,0.5,1.0,G,21LBO
342,3.224,1.0,2.0,0.5,1.0,G,21LBO
343,1.612,1.0,1.0,1.0,1.0,G,21LBO
344,30.631,0.796,2.025,0.494,0.809,G,21LBO
345,24.182,0.612,1.866,0.536,0.698,G,21LBO
346,4.836,0.643,2.702,0.37,0.667,G,21LBO
347,22.57,0.472,3.211,0.311,0.667,G,21LBO
348,6.449,0.645,4.0,0.25,1.0,G,21LBO
349,4.836,0.809,3.0,0.333,1.0,G,21LBO
350,1.612,1.0,1.0,1.0,1.0,G,21LBO
351,1.612,1.0,1.0,1.0,1.0,G,21LBO
352,1.612,1.0,1.0,1.0,1.0,G,21LBO
353,141.868,0.308,3.198,0.313,0.667,G,21LBO
354,1.612,1.0,1.0,1.0,1.0,G,21LBO
355,148.316,0.246,3.424,0.292,0.62,G,21LBO
356,29.018,0.571,3.146,0.318,0.735,G,21LBO
357,143.48,0.131,3.9,0.256,0.458,G,21LBO
358,256.329,0.153,1.94,0.515,0.549,G,21LBO
359,4.836,1.0,1.464,0.683,0.857,G,21LBO
360,1.612,1.0,1.0,1.0,1.0,G,21LBO
361,8.061,0.873,1.653,0.605,0.833,G,21LBO
362,6.449,0.857,2.0,0.5,0.8,G,21LBO
363,3.224,1.0,2.0,0.5,1.0,G,21LBO
364,74.158,0.387,2.147,0.466,0.605,G,21LBO
365,3.224,0.785,2.646,0.378,0.667,G,21LBO
366,3.224,1.0,2.0,0.5,1.0,G,21LBO
367,1.612,1.0,1.0,1.0,1.0,G,21LBO
372,1.612,1.0,1.0,1.0,1.0,G,21LBO
373,4.836,1.0,1.464,0.683,0.857,G,21LBO
374,3.224,1.0,2.0,0.5,1.0,G,21LBO
375,1.612,1.0,1.0,1.0,1.0,G,21LBO
376,4.836,0.809,3.0,0.333,1.0,G,21LBO
377,8.061,1.0,1.553,0.644,0.909,G,21LBO
378,8.061,1.0,1.553,0.644,0.909,G,21LBO
379,6.449,0.857,2.031,0.492,0.8,G,21LBO
380,1.612,1.0,1.0,1.0,1.0,G,21LBO
381,32.243,0.566,3.894,0.257,0.851,G,21LBO
382,6.449,1.0,1.0,1.0,1.0,G,21LBO
383,454.622,0.079,1.842,0.543,0.374,G,21LBO
384,6.449,1.0,2.0,0.5,0.8,G,21LBO
385,1.612,1.0,1.0,1.0,1.0,G,21LBO
386,1.612,1.0,1.0,1.0,1.0,G,21LBO
387,1.612,1.0,1.0,1.0,1.0,G,21LBO
388,1.612,1.0,1.0,1.0,1.0,G,21LBO
389,9.673,0.809,2.237,0.447,0.857,G,21LBO
390,8.061,1.0,1.553,0.644,0.909,G,21LBO
391,1.612,1.0,1.0,1.0,1.0,G,21LBO
392,1.612,1.0,1.0,1.0,1.0,G,21LBO
393,3.224,1.0,2.0,0.5,1.0,G,21LBO
394,8.061,1.0,1.553,0.644,0.909,G,21LBO
395,4.836,1.0,1.464,0.683,0.857,G,21LBO
396,9.673,1.0,1.5,0.667,1.0,G,21LBO
397,90.28,0.416,2.571,0.389,0.687,G,21LBO
398,25.794,0.389,4.405,0.227,0.696,G,21LBO
590,27.392,0.746,1.861,0.537,0.75,G,45CTI
591,1.826,1.0,1.0,1.0,1.0,G,45CTI
592,12.783,0.943,1.936,0.517,0.933,G,45CTI
593,12.783,1.0,1.069,0.936,0.875,G,45CTI
594,12.783,0.564,2.8,0.357,0.737,G,45CTI
595,7.305,0.857,1.468,0.681,0.8,G,45CTI
596,7.305,0.857,2.0,0.5,0.8,G,45CTI
597,1.826,1.0,1.0,1.0,1.0,G,45CTI
598,12.783,1.0,1.596,0.626,0.875,G,45CTI
599,5.478,1.0,1.464,0.683,0.857,G,45CTI
600,1.826,1.0,1.0,1.0,1.0,G,45CTI
601,38.349,0.69,1.264,0.791,0.75,G,45CTI
602,3.652,1.0,2.0,0.5,1.0,G,45CTI
603,7.305,1.0,1.0,1.0,1.0,G,45CTI
604,1.826,1.0,1.0,1.0,1.0,G,45CTI
605,9.131,0.873,2.308,0.433,0.769,G,45CTI
606,3.652,1.0,2.0,0.5,1.0,G,45CTI
607,82.177,0.259,1.874,0.534,0.566,G,45CTI
608,5.478,1.0,1.464,0.683,0.857,G,45CTI
609,3.652,1.0,2.0,0.5,1.0,G,45CTI
610,5.478,1.0,1.464,0.683,0.857,G,45CTI
611,9.131,1.0,1.553,0.644,0.909,G,45CTI
612,1.826,1.0,1.0,1.0,1.0,G,45CTI
613,16.435,0.482,4.087,0.245,0.621,G,45CTI
614,18.262,0.806,2.51,0.398,0.8,G,45CTI
615,12.783,1.0,1.936,0.517,0.933,G,45CTI
616,7.305,0.857,1.468,0.681,0.8,G,45CTI
617,51.132,0.429,1.994,0.502,0.709,G,45CTI
618,1.826,1.0,1.0,1.0,1.0,G,45CTI
619,5.478,0.524,4.123,0.243,0.6,G,45CTI
620,36.523,0.339,2.084,0.48,0.533,G,45CTI
621,3.652,1.0,2.0,0.5,1.0,G,45CTI
622,3.652,1.0,2.0,0.5,1.0,G,45CTI
623,16.435,0.726,2.461,0.406,0.783,G,45CTI
624,5.478,0.754,2.702,0.37,0.667,G,45CTI
625,1.826,1.0,1.0,1.0,1.0,G,45CTI
626,5.478,1.0,1.464,0.683,0.857,G,45CTI
627,21.914,0.458,2.092,0.478,0.649,G,45CTI
628,7.305,0.698,1.637,0.611,0.727,G,45CTI
629,20.088,0.405,3.783,0.264,0.629,G,45CTI
630,3.652,1.0,2.0,0.5,1.0,G,45CTI
631,1.826,1.0,1.0,1.0,1.0,G,45CTI
632,21.914,0.809,3.0,0.333,1.0,G,45CTI
633,3.652,1.0,2.0,0.5,1.0,G,45CTI
634,12.783,1.0,1.596,0.626,0.875,G,45CTI
635,32.871,0.408,1.684,0.594,0.529,G,45CTI
636,49.306,0.643,2.175,0.46,0.783,G,45CTI
637,109.569,0.219,1.336,0.748,0.594,G,45CTI
638,7.305,1.0,1.0,1.0,1.0,G,45CTI
639,42.001,0.548,1.939,0.516,0.742,G,45CTI
640,1.826,1.0,1.0,1.0,1.0,G,45CTI
641,10.957,0.916,1.809,0.553,0.857,G,45CTI
642,1.826,1.0,1.0,1.0,1.0,G,45CTI
643,67.568,0.43,1.653,0.605,0.692,G,45CTI
644,14.609,0.914,1.989,0.503,0.8,G,45CTI
645,21.914,0.967,1.939,0.516,0.889,G,45CTI
646,3.652,1.0,2.0,0.5,1.0,G,45CTI
647,96.786,0.496,1.905,0.525,0.779,G,45CTI
648,7.305,1.0,1.0,1.0,1.0,G,45CTI
649,3.652,1.0,2.0,0.5,1.0,G,45CTI
650,7.305,1.0,1.0,1.0,1.0,G,45CTI
744,3.0,0.967,3.0,0.333,1.0,G,57CBI
745,1.0,1.0,1.0,1.0,1.0,G,57CBI
746,2.0,1.0,2.0,0.5,1.0,G,57CBI
747,157.0,0.294,4.432,0.226,0.57,G,57CBI
748,25.0,0.472,2.617,0.382,0.735,G,57CBI
749,1.0,1.0,1.0,1.0,1.0,G,57CBI
750,5.0,0.641,3.053,0.328,0.625,G,57CBI
751,77.0,0.139,2.744,0.364,0.394,G,57CBI
752,23.0,0.775,1.547,0.646,0.807,G,57CBI
753,3.0,0.754,2.702,0.37,0.667,G,57CBI
754,7.0,0.718,1.918,0.521,0.778,G,57CBI
755,5.0,0.764,2.188,0.457,0.769,G,57CBI
756,1.0,1.0,1.0,1.0,1.0,G,57CBI
757,2.0,1.0,2.0,0.5,1.0,G,57CBI
758,1.0,1.0,1.0,1.0,1.0,G,57CBI
759,12.0,0.517,1.576,0.634,0.649,G,57CBI
760,28.0,0.233,2.771,0.361,0.424,G,57CBI
761,78.0,0.177,1.853,0.54,0.377,G,57CBI
762,11.0,0.494,2.355,0.425,0.647,G,57CBI
763,1.0,1.0,1.0,1.0,1.0,G,57CBI
764,2.0,1.0,2.0,0.5,1.0,G,57CBI
765,4.0,1.0,1.0,1.0,1.0,G,57CBI
766,2.0,1.0,2.0,0.5,1.0,G,57CBI
0,3.225,0.785,2.646,0.378,0.667,K,5LTI
1,3.225,1.0,2.0,0.5,1.0,K,5LTI
2,3.225,1.0,2.0,0.5,1.0,K,5LTI
3,12.898,0.588,2.393,0.418,0.727,LOF,5LTI
4,1.612,1.0,1.0,1.0,1.0,K,5LTI
5,3.225,1.0,2.0,0.5,1.0,LOF,5LTI
6,1.612,1.0,1.0,1.0,1.0,K,5LTI
7,6.449,1.0,1.0,1.0,1.0,LOF,5LTI
8,8.062,0.599,5.0,0.2,1.0,LOF,5LTI
9,9.674,0.916,1.124,0.89,0.8,LOF,5LTI
10,27.409,0.286,6.576,0.152,0.618,LOF,5LTI
11,6.449,1.0,1.0,1.0,1.0,LOF,5LTI
13,1.612,1.0,1.0,1.0,1.0,LOF,5LTI
15,11.286,0.8,1.267,0.79,0.778,LOF,5LTI
16,8.062,1.0,1.553,0.644,0.909,K,5LTI
17,338.584,0.219,2.719,0.368,0.722,LOF,5LTI
18,29.021,0.895,1.925,0.519,0.878,LOF,5LTI
19,1.612,1.0,1.0,1.0,1.0,LOF,5LTI
20,4.837,0.643,2.702,0.37,0.667,LOF,5LTI
21,3.225,1.0,2.0,0.5,1.0,LOF,5LTI
22,6.449,0.645,4.0,0.25,1.0,LOF,5LTI
23,33.858,0.6,3.138,0.319,0.737,LOF,5LTI
24,8.062,1.0,1.553,0.644,0.909,LOF,5LTI
25,11.286,1.0,1.38,0.725,0.875,K,5LTI
26,37.083,0.408,2.29,0.437,0.597,LOF,5LTI
27,1.612,1.0,1.0,1.0,1.0,LOF,5LTI
28,43.532,1.0,1.21,0.826,0.947,LOF,5LTI
29,1.612,1.0,1.0,1.0,1.0,LOF,5LTI
30,3.225,1.0,2.0,0.5,1.0,LOF,5LTI
31,3.225,1.0,2.0,0.5,1.0,LOF,5LTI
32,1.612,1.0,1.0,1.0,1.0,LOF,5LTI
97,1.612,1.0,1.0,1.0,1.0,LOF,5LTI
100,124.147,0.556,1.749,0.572,0.778,LOF,5LTI
101,9.674,1.0,1.5,0.667,1.0,LOF,5LTI
106,1.612,1.0,1.0,1.0,1.0,LOF,5LTI
107,16.123,0.925,2.5,0.4,1.0,LOF,5LTI
108,1.612,1.0,1.0,1.0,1.0,LOF,5LTI
109,546.571,0.616,1.487,0.672,0.853,LOF,5LTI
110,1.612,1.0,1.0,1.0,1.0,LOF,5LTI
111,27.409,0.693,1.954,0.512,0.739,LOF,5LTI
112,3137.545,0.355,3.179,0.315,0.82,LOF,5LTI
113,3.225,1.0,2.0,0.5,1.0,LOF,5LTI
114,791.642,0.724,1.651,0.606,0.913,K,5LTI
115,6.449,0.857,2.0,0.5,0.8,LOF,5LTI
116,6.449,1.0,1.468,0.681,0.8,K,5LTI
117,4.837,0.967,3.0,0.333,1.0,K,5LTI
121,1.612,1.0,1.0,1.0,1.0,LOF,5LTI
122,1.612,1.0,1.0,1.0,1.0,K,5LTI
124,1912.194,0.18,2.694,0.371,0.426,K,5LTI
130,20.96,0.846,1.749,0.572,0.788,K,5LTI
187,1.612,1.0,1.0,1.0,1.0,K,5LTI
202,4.837,1.0,1.464,0.683,0.857,LOF,5LTI
203,1.612,1.0,1.0,1.0,1.0,LOF,5LTI
204,1.612,1.0,1.0,1.0,1.0,K,5LTI
205,25.797,0.958,1.233,0.811,0.914,K,5LTI
206,77.391,0.829,1.659,0.603,0.897,K,5LTI
207,1.612,1.0,1.0,1.0,1.0,K,5LTI
208,42381.387,0.349,3.798,0.263,0.714,LOF,10CBI
209,10743.33,0.146,1.206,0.829,0.545,LOF,10CBI
210,3043.555,0.666,1.344,0.744,0.862,K,10CBI
211,672.72,0.465,1.682,0.595,0.713,K,10CBI
212,610.575,0.59,2.561,0.39,0.869,LOF,10CBI
213,1208.722,0.513,1.853,0.54,0.791,LOF,10CBI
214,39017.784,0.46,1.685,0.593,0.78,LOF,10CBI
215,3180.274,0.437,2.36,0.424,0.769,LOF,10CBI
216,6313.939,0.406,2.425,0.412,0.767,K,10CBI
217,1204.061,0.251,2.886,0.346,0.577,LOF,10CBI
218,4761.866,0.556,1.731,0.578,0.828,LOF,10CBI
219,399.282,0.844,1.617,0.618,0.908,K,10CBI
220,22631.682,0.273,2.577,0.388,0.647,LOF,10CBI
221,21581.43,0.222,2.428,0.412,0.651,LOF,10CBI
263,5762.402,0.196,1.773,0.564,0.447,LOF,10CBI
264,14941.229,0.103,2.006,0.498,0.402,LOF,10CBI
265,3930.676,0.455,1.443,0.693,0.889,K,10CBI
266,2681.56,0.495,1.53,0.654,0.793,K,10CBI
267,579.503,0.174,6.201,0.161,0.552,LOF,10CBI
268,259.456,0.368,2.707,0.369,0.705,LOF,10CBI
269,7713.757,0.18,1.792,0.558,0.465,LOF,10CBI
270,1921.836,0.578,1.559,0.641,0.856,K,10CBI
271,2518.429,0.792,1.069,0.935,0.938,K,10CBI
272,12031.286,0.375,2.166,0.462,0.725,LOF,10CBI
273,602.807,0.88,1.09,0.917,0.927,K,10CBI
274,741.582,0.722,1.517,0.659,0.892,K,21LBO
275,227.311,0.169,6.814,0.147,0.591,LOF,21LBO
276,216.026,0.398,1.951,0.513,0.631,LOF,21LBO
277,108.013,0.833,1.448,0.691,0.859,LOF,21LBO
278,301.469,0.358,1.424,0.702,0.618,LOF,21LBO
279,6.449,0.857,1.468,0.681,0.8,LOF,21LBO
280,254.717,0.439,3.591,0.278,0.758,LOF,21LBO
281,7702.778,0.226,3.262,0.307,0.716,LOF,21LBO
282,185.395,0.147,4.087,0.245,0.323,LOF,21LBO
283,188.62,0.832,1.337,0.748,0.911,K,21LBO
284,7301.356,0.18,1.56,0.641,0.662,LOF,21LBO
285,498.15,0.829,1.256,0.796,0.897,LOF,21LBO
286,48.364,0.488,3.521,0.284,0.732,LOF,21LBO
287,33.855,0.666,2.336,0.428,0.824,LOF,21LBO
288,225.699,0.664,1.169,0.856,0.819,LOF,21LBO
289,807.679,0.398,2.848,0.351,0.734,LOF,21LBO
290,228.923,0.692,1.088,0.919,0.811,K,21LBO
291,354.67,0.761,1.659,0.603,0.9,K,21LBO
292,3111.419,0.212,2.201,0.454,0.566,LOF,21LBO
293,272.451,0.598,1.458,0.686,0.766,LOF,21LBO
294,149.928,0.405,3.963,0.252,0.759,K,21LBO
295,285.348,0.614,1.754,0.57,0.847,K,21LBO
313,835.086,0.422,1.502,0.666,0.733,K,21LBO
368,177.335,0.724,1.244,0.804,0.84,K,21LBO
369,43.528,0.967,1.392,0.719,0.885,K,21LBO
370,6.449,1.0,2.031,0.492,0.8,K,21LBO
371,83.831,0.681,1.974,0.507,0.839,K,21LBO
399,781.885,0.743,1.361,0.735,0.873,K,21LBO
400,10256.138,0.384,1.564,0.639,0.739,LOF,21LTI
401,715.916,0.47,2.417,0.414,0.865,LOF,21LTI
402,2547.255,0.251,1.243,0.804,0.595,LOF,21LTI
403,675.965,0.43,2.688,0.372,0.792,LOF,21LTI
404,612.044,0.559,2.635,0.38,0.852,LOF,21LTI
405,775.043,0.298,3.915,0.255,0.618,LOF,21LTI
406,3104.967,0.478,1.419,0.704,0.888,LOF,21LTI
407,14986.298,0.417,1.584,0.631,0.803,LOF,21LTI
408,17205.957,0.278,1.755,0.57,0.738,LOF,21LTI
409,568.898,0.475,3.352,0.298,0.837,LOF,21LTI
410,17429.681,0.267,2.801,0.357,0.763,LOF,21LTI
411,5442.88,0.275,1.134,0.882,0.681,LOF,21LTI
412,12993.558,0.325,1.546,0.647,0.762,LOF,21LTI
413,50619.105,0.421,1.192,0.839,0.711,LOF,21LTI
414,8477.533,0.7,1.301,0.768,0.915,K,21LTI
415,755.867,0.672,1.748,0.572,0.895,K,21LTI
416,305.223,0.638,1.851,0.54,0.872,LOF,21LTI
417,846.954,0.226,5.555,0.18,0.502,LOF,21LTI
418,6.392,0.611,3.093,0.323,0.667,LOF,21LTI
419,4539.995,0.211,1.893,0.528,0.533,LOF,21LTI
420,292.439,0.293,1.477,0.677,0.65,LOF,21LTI
421,3357.455,0.428,1.757,0.569,0.759,LOF,21LTI
422,22655.229,0.362,3.067,0.326,0.731,LOF,21LTI
423,4472.878,0.775,1.688,0.592,0.96,K,21LTI
424,562.506,0.653,1.237,0.809,0.84,K,21LTI
425,594.466,0.485,3.113,0.321,0.871,K,21LTI
426,3555.61,0.256,2.024,0.494,0.669,LOF,21LTI
427,2374.668,0.714,1.734,0.577,0.92,LOF,21LTI
428,20998.075,0.115,3.447,0.29,0.569,LOF,21LTI
429,12149.8,0.604,1.683,0.594,0.893,LOF,21LTI
430,1035.522,0.696,1.638,0.611,0.912,LOF,21LTI
431,1168.158,0.583,2.649,0.377,0.886,K,21LTI
432,21503.052,0.192,1.26,0.793,0.58,LOF,21LTI
433,6449.637,0.463,2.276,0.439,0.785,K,21LTI
434,27369.409,0.231,2.662,0.376,0.63,LOF,21LTI
435,3402.2,0.794,1.275,0.784,0.946,K,21LTI
436,1094.649,0.657,1.518,0.659,0.87,K,21LTI
437,693.544,0.56,1.282,0.78,0.766,K,21LTI
438,4741.346,0.209,3.966,0.252,0.671,LOF,21LTI
439,10463.881,0.151,2.177,0.459,0.665,LOF,21LTI
440,23708.329,0.573,1.413,0.708,0.852,LOF,21LTI
441,576.888,0.624,1.696,0.59,0.882,LOF,21LTI
442,9369.233,0.14,1.823,0.548,0.404,LOF,21LTI
443,1369.509,0.754,1.45,0.69,0.915,K,21LTI
444,17017.39,0.311,1.686,0.593,0.774,LOF,21LTI
445,1427.038,0.6,1.933,0.517,0.854,LOF,21LTI
446,199.753,0.674,2.139,0.468,0.862,LOF,21LTI
447,484.202,0.577,1.913,0.523,0.848,LOF,21LTI
448,3330.288,0.434,3.979,0.251,0.924,K,21LTI
449,896.493,0.329,2.435,0.411,0.738,LOF,21LTI
450,7.99,0.354,5.0,0.2,0.526,K,21LTI
451,150420.687,0.132,3.176,0.315,0.601,LOF,21LTI
452,7892.656,0.306,1.177,0.849,0.719,LOF,21LTI
453,1035.522,0.284,1.242,0.805,0.685,K,21LTI
454,28.764,0.645,2.848,0.351,0.75,K,21LTI
455,16597.109,0.34,1.891,0.529,0.605,K,21LTI
456,67703.612,0.159,2.766,0.362,0.675,LOF,21LTI
457,99.078,0.342,3.108,0.322,0.649,LOF,21LTI
458,23729.104,0.204,2.665,0.375,0.606,LOF,21LTI
459,856.542,0.651,1.108,0.903,0.887,LOF,21LTI
460,1367.911,0.279,2.919,0.343,0.72,LOF,21LTI
461,1104.237,0.313,3.427,0.292,0.592,LOF,21LTI
462,1353.529,0.674,1.881,0.532,0.89,K,21LTI
463,426.673,0.74,1.386,0.722,0.884,LOF,21LTI
464,1823.349,0.557,1.607,0.622,0.858,LOF,21LTI
465,7686.51,0.151,1.653,0.605,0.663,LOF,21LTI
466,49238.409,0.222,1.776,0.563,0.599,LOF,21LTI
467,399.507,0.27,4.364,0.229,0.712,LOF,21LTI
468,5570.722,0.22,1.918,0.521,0.523,LOF,21LTI
469,16531.59,0.365,3.429,0.292,0.769,LOF,21LTI
470,677.563,0.28,2.334,0.429,0.68,LOF,21LTI
471,2687.881,0.426,2.733,0.366,0.745,LOF,21LTI
472,10550.175,0.336,1.935,0.517,0.709,LOF,21LTI
473,20732.803,0.061,1.177,0.849,0.528,LOF,21LTI
474,557.711,0.208,1.186,0.843,0.547,LOF,21LTI
475,119.852,0.786,1.483,0.674,0.888,LOF,21LTI
476,59.127,0.798,1.368,0.731,0.86,LOF,21LTI
477,942.836,0.373,3.905,0.256,0.774,LOF,21LTI
478,1329.558,0.565,1.669,0.599,0.87,LOF,21LTI
479,206.145,0.527,1.328,0.753,0.733,LOF,21LTI
480,116.656,0.274,4.059,0.246,0.589,LOF,21LTI
481,21544.601,0.163,2.59,0.386,0.549,LOF,21LTI
482,214.136,0.188,5.207,0.192,0.444,LOF,21LTI
483,100.676,0.299,4.699,0.213,0.681,K,21LTI
484,720.71,0.402,3.627,0.276,0.826,K,21LTI
485,527.349,0.8,1.12,0.893,0.887,K,21LTI
486,4798.875,0.569,1.467,0.682,0.88,K,21LTI
487,36.755,0.208,8.491,0.118,0.613,K,21LTI
488,34921.685,0.394,1.262,0.792,0.846,LOF,21LTI
489,22.372,0.515,3.047,0.328,0.757,K,21LTI
490,19074.184,0.357,1.111,0.9,0.721,LOF,25LBI
491,8053.866,0.125,3.576,0.28,0.391,LOF,25LBI
492,2001.791,0.199,1.84,0.543,0.596,LOF,25LBI
493,17.715,0.741,2.858,0.35,0.957,LOF,25LBI
494,806.836,0.576,1.73,0.578,0.815,LOF,25LBI
495,10089.477,0.676,1.227,0.815,0.908,K,25LBI
496,2149.952,0.434,2.866,0.349,0.793,LOF,25LBI
497,227.074,0.493,1.248,0.801,0.801,LOF,25LBI
498,2362.532,0.602,1.887,0.53,0.925,K,25LBI
499,544.333,0.422,2.143,0.467,0.742,LOF,25LBI
500,3758.793,0.577,1.287,0.777,0.864,K,25LBI
501,26519.3,0.119,1.462,0.684,0.449,LOF,25LBI
502,3328.803,0.435,2.65,0.377,0.798,LOF,25LBI
503,4024.518,0.691,1.482,0.675,0.938,LOF,25LBI
504,178.76,0.675,1.765,0.567,0.892,LOF,25LBI
505,25934.706,0.158,1.594,0.627,0.507,LOF,25LBI
506,3607.411,0.43,1.404,0.712,0.859,K,25LBI
507,2056.546,0.404,2.091,0.478,0.741,K,25LBI
508,10337.486,0.087,2.856,0.35,0.322,LOF,25LBI
509,12.884,1.0,2.0,0.5,1.0,LOF,25LBI
510,127.226,0.869,1.39,0.72,0.913,LOF,25LBI
511,515.344,0.478,2.946,0.339,0.841,LOF,25LBI
512,1426.86,0.388,3.238,0.309,0.647,LOF,25LBI
513,1819.81,0.708,1.332,0.751,0.886,LOF,25LBI
514,4298.294,0.33,2.347,0.426,0.682,LOF,25LBI
515,9704.579,0.29,1.401,0.714,0.682,LOF,25LBI
516,190.033,0.264,5.923,0.169,0.657,LOF,25LBI
517,4557.577,0.611,1.962,0.51,0.913,K,25LBI
518,1508.993,0.191,6.167,0.162,0.609,LOF,25LBI
519,1185.292,0.357,1.596,0.627,0.787,LOF,25LBI
520,6098.779,0.223,1.202,0.832,0.687,LOF,25LBI
521,19740.911,0.113,3.879,0.258,0.5,LOF,25LBI
522,7762.375,0.155,1.596,0.627,0.471,LOF,25LBI
523,1529.929,0.64,1.356,0.737,0.872,K,25LBI
524,1628.166,0.374,1.37,0.73,0.69,K,25LBI
525,4863.358,0.574,1.366,0.732,0.847,K,25LTI
526,28250.147,0.318,3.281,0.305,0.72,LOF,25LTI
527,20884.904,0.312,2.758,0.363,0.678,LOF,25LTI
528,4398.357,0.167,3.23,0.31,0.649,LOF,25LTI
529,18886.314,0.179,1.934,0.517,0.619,LOF,25LTI
530,2552.944,0.215,3.269,0.306,0.656,LOF,25LTI
531,1331.178,0.305,1.46,0.685,0.536,LOF,25LTI
532,257.118,0.303,3.229,0.31,0.572,LOF,25LTI
533,534.295,0.202,2.844,0.352,0.509,LOF,25LTI
534,1260.06,0.611,1.449,0.69,0.837,K,25LTI
535,3415.474,0.201,3.329,0.3,0.446,LOF,25LTI
536,1119.648,0.64,1.533,0.652,0.856,K,25LTI
537,2906.709,0.402,3.0,0.333,0.755,LOF,25LTI
538,778.648,0.594,1.482,0.675,0.832,K,25LTI
539,1715.943,0.516,3.372,0.297,0.889,K,25LTI
540,17496.783,0.151,3.081,0.325,0.532,LOF,25LTI
541,60.177,0.546,1.687,0.593,0.725,LOF,25LTI
542,15024.074,0.165,1.848,0.541,0.657,LOF,25LTI
543,65.647,0.585,3.329,0.3,0.791,LOF,25LTI
544,69.294,0.509,2.086,0.479,0.655,LOF,25LTI
545,27.353,0.537,2.876,0.348,0.667,LOF,25LTI
546,2957.768,0.734,1.219,0.82,0.923,K,25LTI
547,15994.193,0.335,2.882,0.347,0.771,LOF,25LTI
548,94.824,0.697,1.659,0.603,0.776,LOF,25LTI
549,109.412,0.422,3.908,0.256,0.736,LOF,25LTI
550,559.824,0.427,1.409,0.71,0.69,LOF,25LTI
551,3767.416,0.19,2.311,0.433,0.498,LOF,25LTI
552,5547.182,0.302,1.144,0.874,0.691,LOF,25LTI
553,1595.59,0.571,1.483,0.674,0.846,LOF,25LTI
554,660.118,0.432,3.541,0.282,0.826,LOF,25LTI
555,1057.648,0.559,1.791,0.558,0.86,K,25LTI
556,959.177,0.573,2.183,0.458,0.81,K,25LTI
557,2568.345,0.272,1.3,0.769,0.686,LOF,41CBI
558,14.47,0.914,1.791,0.558,0.8,LOF,41CBI
559,376.208,0.392,3.846,0.26,0.707,LOF,41CBI
560,10.852,0.686,1.675,0.597,0.667,LOF,41CBI
561,1879.233,0.518,2.228,0.449,0.827,LOF,41CBI
562,596.869,0.435,3.417,0.293,0.819,LOF,41CBI
563,25.322,1.0,1.662,0.602,0.966,LOF,41CBI
564,6911.019,0.472,1.991,0.502,0.751,K,41CBI
565,77609.241,0.377,1.028,0.973,0.774,LOF,41CBI
566,1074.364,0.33,4.525,0.221,0.652,LOF,41CBI
567,7699.609,0.077,1.59,0.629,0.488,LOF,41CBI
568,1871.998,0.745,1.752,0.571,0.937,K,41CBI
569,2141.493,0.783,1.733,0.577,0.949,K,41CBI
570,17864.468,0.356,1.276,0.784,0.757,LOF,41CBI
571,517.286,0.538,1.697,0.589,0.765,K,41CBI
572,9085.069,0.369,1.117,0.895,0.691,LOF,41CBI
573,1143.094,0.632,1.586,0.63,0.866,K,41CBI
574,235.13,0.497,2.72,0.368,0.743,K,41CBI
575,1577.287,0.609,1.645,0.608,0.916,K,41CTI
576,184.044,0.693,2.174,0.46,0.864,K,41CTI
577,1640.249,0.419,1.542,0.648,0.73,K,41CTI
578,3144.887,0.33,1.557,0.642,0.758,LOF,41CTI
579,124.31,0.463,2.576,0.388,0.691,LOF,41CTI
580,77.492,0.183,3.449,0.29,0.343,LOF,41CTI
581,92.022,0.64,1.314,0.761,0.82,LOF,41CTI
582,8766.291,0.167,1.127,0.888,0.682,LOF,41CTI
583,8595.163,0.122,3.126,0.32,0.38,LOF,41CTI
584,2602.442,0.192,1.493,0.67,0.564,LOF,41CTI
585,4.843,1.0,1.464,0.683,0.857,LOF,41CTI
586,996.096,0.305,2.372,0.422,0.747,LOF,41CTI
587,85948.396,0.165,1.582,0.632,0.737,LOF,41CTI
588,690.971,0.534,2.229,0.449,0.876,LOF,41CTI
589,834.551,0.831,1.092,0.916,0.919,K,45CTI
651,1470.051,0.81,1.147,0.872,0.955,K,45CTI
652,622.717,0.938,1.037,0.964,0.943,K,45CTI
653,9.141,1.0,1.553,0.644,0.909,K,45LBI
654,25.595,1.0,1.239,0.807,0.933,K,45LBI
655,12.798,0.8,2.211,0.452,0.778,K,45LBI
656,1.828,1.0,1.0,1.0,1.0,LOF,45LBI
657,5.485,1.0,1.464,0.683,0.857,LOF,45LBI
658,3.656,1.0,2.0,0.5,1.0,K,45LBI
659,10.969,1.0,1.5,0.667,1.0,K,45LBI
660,3.656,1.0,2.0,0.5,1.0,K,45LBI
661,14.626,1.0,1.229,0.814,0.941,K,45LBI
662,25.595,0.515,3.36,0.298,0.778,K,45LBI
663,5.485,1.0,1.464,0.683,0.857,K,45LBI
664,5.485,1.0,1.464,0.683,0.857,K,45LBI
665,5.485,1.0,1.464,0.683,0.857,LOF,45LBI
666,27.424,0.869,1.423,0.703,0.811,LOF,45LBI
667,9.141,1.0,1.553,0.644,0.909,LOF,45LBI
668,3.656,1.0,2.0,0.5,1.0,LOF,45LBI
669,574.066,0.823,1.381,0.724,0.914,LOF,45LBI
670,56.675,0.907,1.138,0.879,0.886,LOF,45LBI
671,839.16,0.269,1.408,0.71,0.768,LOF,45LBI
672,1.828,1.0,1.0,1.0,1.0,LOF,45LBI
673,5.485,0.967,3.0,0.333,1.0,LOF,45LBI
674,1.828,1.0,1.0,1.0,1.0,LOF,45LBI
675,7.313,1.0,1.0,1.0,1.0,LOF,45LBI
676,14.626,0.914,1.554,0.644,0.8,LOF,45LBI
677,3.656,1.0,2.0,0.5,1.0,LOF,45LBI
678,5.485,1.0,1.464,0.683,0.857,LOF,45LBI
679,1.828,1.0,1.0,1.0,1.0,LOF,45LBI
680,1.828,1.0,1.0,1.0,1.0,LOF,45LBI
681,7.313,1.0,1.0,1.0,1.0,LOF,45LBI
682,27.424,0.898,1.675,0.597,0.857,LOF,45LBI
683,1.828,1.0,1.0,1.0,1.0,LOF,45LBI
684,10.969,1.0,1.5,0.667,1.0,LOF,45LBI
685,1.828,1.0,1.0,1.0,1.0,LOF,45LBI
686,12.798,0.943,1.936,0.517,0.933,LOF,45LBI
687,5.485,1.0,1.464,0.683,0.857,LOF,45LBI
688,62.16,0.77,2.302,0.434,0.883,K,45LBI
689,7.313,1.0,1.0,1.0,1.0,LOF,45LBI
690,14.626,1.0,1.605,0.623,0.8,LOF,45LBI
691,286.274,0.837,1.428,0.7,0.894,K,45LTI
692,530.733,0.921,1.054,0.949,0.946,K,45LTI
693,300.749,0.833,1.109,0.902,0.91,K,45LTI
694,6920.437,0.252,2.586,0.387,0.657,LOF,45LTI
695,7385.231,0.284,3.769,0.265,0.673,LOF,45LTI
696,535.558,0.9,1.143,0.875,0.933,K,45LTI
697,80.414,0.78,1.322,0.756,0.84,K,45LTI
698,342.564,0.687,2.312,0.433,0.873,K,45LTI
699,1449.062,0.652,1.503,0.665,0.908,K,45LTI
700,30.557,0.745,1.999,0.5,0.826,K,45LTI
701,831.482,0.688,1.251,0.799,0.881,K,45LTI
702,1157.963,0.373,4.746,0.211,0.808,K,45LTI
703,723.727,0.482,2.57,0.389,0.851,LOF,45LTI
704,578.981,0.126,1.245,0.803,0.644,LOF,45LTI
705,5144.894,0.3,1.993,0.502,0.556,LOF,45LTI
706,410.112,0.482,1.527,0.655,0.713,LOF,45LTI
707,30549.315,0.273,1.515,0.66,0.805,LOF,45LTI
708,138.312,0.76,1.819,0.55,0.839,LOF,45LTI
709,8.041,1.0,1.553,0.644,0.909,LOF,45LTI
710,5239.783,0.67,1.256,0.796,0.873,LOF,45LTI
711,3034.828,0.424,2.331,0.429,0.793,LOF,45LTI
712,541.991,0.322,1.839,0.544,0.704,LOF,45LTI
713,8244.053,0.496,1.374,0.728,0.859,LOF,45LTI
714,11886.812,0.092,4.7,0.213,0.305,LOF,45LTI
715,67.548,0.758,1.317,0.759,0.808,LOF,45LTI
716,5178.668,0.347,2.907,0.344,0.809,LOF,45LTI
717,4044.829,0.42,2.022,0.494,0.771,LOF,45LTI
718,258.933,0.674,2.14,0.467,0.83,LOF,45LTI
719,1764.285,0.515,1.967,0.508,0.809,LOF,45LTI
720,1170.829,0.309,1.969,0.508,0.589,LOF,45LTI
721,210.685,0.689,1.611,0.621,0.876,LOF,45LTI
722,1227.119,0.355,3.899,0.256,0.703,LOF,45LTI
723,702.819,0.619,1.257,0.796,0.8,LOF,45LTI
724,15018.137,0.235,1.465,0.683,0.618,LOF,45LTI
725,11367.337,0.429,1.058,0.945,0.78,LOF,45LTI
726,2113.282,0.665,1.368,0.731,0.886,K,45LTI
727,68762.094,0.295,1.34,0.746,0.785,LOF,45LTI
728,575.765,0.629,2.286,0.437,0.868,LOF,45LTI
729,1.0,1.0,1.0,1.0,1.0,K,57CBI
730,3.0,0.643,2.702,0.37,0.667,LOF,57CBI
731,2.0,1.0,2.0,0.5,1.0,LOF,57CBI
732,5.0,1.0,1.553,0.644,0.909,LOF,57CBI
733,3.0,1.0,1.464,0.683,0.857,LOF,57CBI
734,7.0,0.496,3.954,0.253,0.636,LOF,57CBI
735,1.0,1.0,1.0,1.0,1.0,LOF,57CBI
736,1.0,1.0,1.0,1.0,1.0,LOF,57CBI
737,4.0,1.0,2.0,0.5,0.8,LOF,57CBI
738,1.0,1.0,1.0,1.0,1.0,LOF,57CBI
739,1.0,1.0,1.0,1.0,1.0,LOF,57CBI
740,5.0,0.403,4.45,0.225,0.588,LOF,57CBI
741,99.0,0.476,2.358,0.424,0.72,K,57CBI
742,17.0,0.559,1.626,0.615,0.694,K,57CBI
743,2.0,1.0,2.0,0.5,1.0,LOF,57CBI
767,16.0,0.772,1.405,0.712,0.821,LOF,57CBI
768,1.0,1.0,1.0,1.0,1.0,LOF,57CBI
769,22.0,0.397,1.162,0.861,0.638,LOF,57CBI
770,114.0,0.224,2.914,0.343,0.511,K,57CBI
771,241.846,0.648,2.068,0.484,0.867,K,57CTI
772,5056.188,0.547,2.512,0.398,0.827,K,57CTI
773,1056.06,0.658,1.701,0.588,0.849,LOF,57CTI
774,27397.897,0.274,1.403,0.713,0.718,LOF,57CTI
775,174.129,0.537,2.887,0.346,0.847,LOF,57CTI
776,274.092,0.697,1.456,0.687,0.865,LOF,57CTI
777,5631.781,0.487,1.423,0.703,0.858,LOF,57CTI
778,13519.177,0.531,1.901,0.526,0.812,K,57LBI
779,6067.103,0.661,1.368,0.731,0.913,LOF,57LBI
780,17909.483,0.113,2.505,0.399,0.461,LOF,57LBI
781,1704.206,0.577,1.105,0.905,0.809,LOF,57LBI
782,6102.574,0.284,1.449,0.69,0.69,LOF,57LBI
783,9056.317,0.205,1.955,0.512,0.515,LOF,57LBI
784,304.726,0.556,1.084,0.922,0.778,LOF,57LBI
785,311.175,0.288,2.256,0.443,0.66,LOF,57LBI
786,96.738,0.505,2.455,0.407,0.789,LOF,57LBI
787,19.348,0.664,1.479,0.676,0.857,LOF,57LBI
788,3168.179,0.138,2.338,0.428,0.64,LOF,57LBI
789,4601.518,0.335,3.023,0.331,0.796,LOF,57LBI
790,298.276,0.601,1.129,0.886,0.841,LOF,57LBI
791,1278.558,0.404,2.146,0.466,0.707,LOF,57LBI
792,28560.369,0.153,1.328,0.753,0.532,LOF,57LBI
793,216.049,0.447,2.316,0.432,0.726,LOF,57LBI
794,598.165,0.43,3.942,0.254,0.837,LOF,57LBI
795,5525.369,0.794,1.29,0.775,0.942,K,57LBI
796,76582.871,0.126,3.166,0.316,0.502,LOF,57LBI
797,3476.129,0.838,1.28,0.781,0.951,K,57LBI
798,44043.333,0.308,2.175,0.46,0.713,LOF,57LBI
799,962.546,0.267,5.473,0.183,0.596,LOF,57LBI
800,675.556,0.411,3.316,0.302,0.754,LOF,57LBI
801,7406.929,0.196,4.267,0.234,0.446,LOF,57LBI
802,933.525,0.325,1.819,0.55,0.576,LOF,57LBI
803,43.532,0.362,1.455,0.687,0.635,LOF,57LBI
804,37366.778,0.26,2.491,0.401,0.574,LOF,57LBI
805,23062.409,0.294,2.271,0.44,0.669,LOF,57LBI
806,7810.005,0.254,2.593,0.386,0.697,LOF,57LBI
807,15397.512,0.325,1.417,0.706,0.655,LOF,57LBI
808,15528.109,0.514,1.209,0.827,0.862,K,57LBI
809,2840.881,0.236,4.016,0.249,0.483,LOF,57LBI
810,82459.722,0.063,1.347,0.743,0.393,LOF,57LBI
811,1900.907,0.626,1.904,0.525,0.897,K,57LBI
812,902.891,0.566,2.485,0.402,0.819,LOF,57LBI
813,3324.573,0.55,2.26,0.443,0.912,K,57LBI
814,7792.27,0.248,2.53,0.395,0.499,LOF,57LBI
815,228.947,0.487,2.936,0.341,0.759,K,57LBI
816,5523.757,0.058,1.593,0.628,0.487,LOF,57LBI
817,372.442,0.656,2.005,0.499,0.857,K,57LBI
818,3474.517,0.092,1.283,0.779,0.632,LOF,57LBI
819,688.454,0.555,1.487,0.673,0.813,K,57LBI
820,859.359,0.778,1.304,0.767,0.921,K,57LBI
821,5046.514,0.868,1.175,0.851,0.968,K,57LBI
822,16945.325,0.657,1.364,0.733,0.933,K,57LBI
823,3506.763,0.754,1.47,0.68,0.939,K,57LBI
824,4617.641,0.622,2.344,0.427,0.909,K,57LBI
825,21037.354,0.146,1.651,0.606,0.791,K,57LBI
826,48211.141,0.185,2.366,0.423,0.679,LOF,57LBI
827,3060.155,0.389,1.23,0.813,0.687,K,57LBI
828,419.199,0.648,1.675,0.597,0.89,K,57LBI
829,4019.476,0.452,1.175,0.851,0.829,K,57LBI
830,5256.114,0.68,1.376,0.727,0.912,K,57LBI
831,95454.9,0.101,1.461,0.685,0.476,LOF,57LBI
832,5657.578,0.508,2.315,0.432,0.819,K,57LBI
833,21593.6,0.638,1.28,0.781,0.891,K,57LBI
834,5360.914,0.195,1.143,0.875,0.553,LOF,57LBI
835,13693.306,0.531,2.236,0.447,0.847,K,57LBI
836,1193.106,0.603,1.762,0.568,0.875,K,57LBI
837,162.843,0.44,2.724,0.367,0.771,LOF,57LBI
838,1152.798,0.237,2.888,0.346,0.512,LOF,57LBI
839,7126.388,0.145,3.234,0.309,0.555,LOF,57LBI
840,2931.17,0.069,2.901,0.345,0.405,LOF,57LBI
841,15100.848,0.48,1.894,0.528,0.77,LOF,57LBI
842,26728.791,0.321,2.557,0.391,0.733,LOF,57LBI
843,41.92,0.328,3.24,0.309,0.542,LOF,57LBI
844,988.343,0.062,1.437,0.696,0.558,LOF,57LBI
845,19642.711,0.336,2.279,0.439,0.7,LOF,57LBI
846,14.511,0.353,4.988,0.2,0.562,LOF,57LBI
847,38790.444,0.285,2.338,0.428,0.663,LOF,57LBI
848,11229.704,0.236,1.277,0.783,0.77,LOF,57LBI
849,21259.852,0.39,2.877,0.348,0.792,LOF,57LBI
850,6.449,0.857,2.0,0.5,0.8,LOF,57LBI
851,22.572,0.314,7.199,0.139,0.778,LOF,57LBI
852,1389.807,0.818,1.488,0.672,0.947,K,57LBI
853,1.612,1.0,1.0,1.0,1.0,LOF,57LBI
854,6342.807,0.272,1.344,0.744,0.621,LOF,57LBI
855,2760.266,0.646,1.173,0.853,0.916,K,57LBI
856,212.824,0.303,2.02,0.495,0.68,LOF,57LBI
857,8716.12,0.594,2.022,0.495,0.9,K,57LBI
858,14207.522,0.315,1.242,0.805,0.747,LOF,57LTI
859,3637.745,0.409,2.124,0.471,0.797,LOF,57LTI
860,49594.91,0.1,1.131,0.884,0.462,LOF,57LTI
861,18111.325,0.392,1.418,0.705,0.795,LOF,57LTI
862,10964.834,0.636,1.249,0.801,0.915,K,57LTI
863,2044.619,0.168,3.717,0.269,0.555,LOF,57LTI
864,578.879,0.275,5.587,0.179,0.658,LOF,57LTI
865,2325.19,0.617,1.663,0.601,0.877,K,57LTI
866,224.134,0.901,1.239,0.807,0.936,K,57LTI
867,208.009,0.97,1.16,0.862,0.931,K,57LTI
868,438.593,0.735,1.831,0.546,0.896,K,57LTI
869,1644.725,0.694,1.9,0.526,0.914,K,57LTI
870,41608.318,0.292,1.978,0.505,0.712,LOF,57LTI
871,8633.194,0.473,1.622,0.616,0.823,K,57LTI
872,632.09,0.236,2.199,0.455,0.696,LOF,57LTI
873,9544.243,0.195,1.675,0.597,0.706,LOF,57LTI
874,13473.845,0.17,2.38,0.42,0.422,LOF,57LTI
875,4764.865,0.7,1.571,0.636,0.924,K,57LTI
876,62899.445,0.195,1.956,0.511,0.64,LOF,57LTI
877,975.548,0.472,1.851,0.54,0.767,K,57LTI
878,11164.781,0.257,2.701,0.37,0.675,LOF,57LTI
879,7259.365,0.38,1.244,0.804,0.806,LOF,57LTI
880,886.862,0.341,1.858,0.538,0.789,LOF,57LTI
881,1723.736,0.419,1.954,0.512,0.771,LOF,57LTI
882,25130.431,0.221,1.107,0.903,0.713,LOF,57LTI
883,11324.416,0.618,2.141,0.467,0.886,LOF,57LTI
884,5024.474,0.648,1.422,0.703,0.91,K,57LTI
885,1393.179,0.188,4.29,0.233,0.47,LOF,57LTI
886,17264.775,0.229,2.464,0.406,0.619,LOF,57LTI
887,7157.779,0.313,1.967,0.508,0.615,LOF,57LTI
888,920.724,0.451,2.596,0.385,0.747,LOF,57LTI
889,17003.554,0.405,1.789,0.559,0.786,LOF,57LTI
890,12704.695,0.292,2.456,0.407,0.65,LOF,57LTI
891,9744.19,0.104,2.343,0.427,0.377,LOF,57LTI
892,20592.925,0.465,3.017,0.332,0.881,LOF,57LTI
893,3329.762,0.534,1.704,0.587,0.78,LOF,57LTI
894,8934.727,0.61,1.609,0.622,0.873,LOF,57LTI
895,20022.109,0.19,1.391,0.719,0.607,LOF,57LTI
896,18059.726,0.433,1.66,0.602,0.832,LOF,57LTI
897,227.359,0.678,1.798,0.556,0.876,K,57LTI
898,251.546,0.648,1.366,0.732,0.821,K,57LTI
899,1963.995,0.793,1.391,0.719,0.941,K,57LTI
900,14815.425,0.295,1.241,0.806,0.821,K,57LTI
901,3787.705,0.795,1.29,0.775,0.957,K,57LTI
902,2825.057,0.623,2.215,0.452,0.896,K,57LTI
903,23904.95,0.605,1.409,0.71,0.886,LOF,57LTI
904,751.414,0.731,1.488,0.672,0.904,K,57LTI
905,38828.411,0.311,1.713,0.584,0.737,LOF,57LTI
906,24488.666,0.35,1.948,0.513,0.784,LOF,57LTI
907,2117.18,0.759,1.431,0.699,0.942,K,57LTI
908,11014.82,0.143,1.442,0.694,0.442,LOF,57LTI
909,8186.538,0.233,2.951,0.339,0.692,LOF,57LTI
910,2152.655,0.849,1.204,0.831,0.961,K,57LTI
911,10053.785,0.417,2.421,0.413,0.821,K,57LTI
912,9476.519,0.45,2.499,0.4,0.758,K,57LTI
913,16587.536,0.619,1.483,0.674,0.871,LOF,57LTI
914,6614.375,0.175,1.667,0.6,0.471,LOF,57LTI
915,819.138,0.392,1.976,0.506,0.682,LOF,57LTI
916,565.979,0.471,2.596,0.385,0.754,LOF,57LTI
917,2159.105,0.506,1.365,0.733,0.881,K,57LTI
918,1027.147,0.463,2.171,0.461,0.796,LOF,57LTI
919,520.83,0.204,4.375,0.229,0.481,LOF,57LTI
920,856.225,0.158,2.514,0.398,0.582,LOF,57LTI
921,32836.452,0.182,2.246,0.445,0.603,LOF,57LTI
922,296.0,0.623,2.038,0.491,0.855,K,61CBI
923,13689.0,0.158,1.676,0.597,0.49,LOF,61CBI
924,4184.0,0.37,1.231,0.813,0.712,LOF,61CBI
925,371.0,0.565,1.059,0.944,0.849,K,61CBI
926,2197.834,0.635,1.74,0.575,0.873,K,61CTI
927,95.277,0.334,4.232,0.236,0.674,K,61CTI
928,269.683,0.744,1.497,0.668,0.9,K,61CTI
929,3308.863,0.354,2.286,0.437,0.671,LOF,61CTI
930,66.21,0.789,2.242,0.446,0.872,LOF,61CTI
931,513.528,0.706,1.869,0.535,0.891,K,61CTI
932,180.865,0.628,1.768,0.566,0.803,K,61CTI
933,6.432,1.0,1.0,1.0,1.0,K,61LTI
934,1.608,1.0,1.0,1.0,1.0,K,61LTI
935,3.216,1.0,2.0,0.5,1.0,K,61LTI
936,427.718,0.654,1.676,0.596,0.864,K,61LTI
937,1125.574,0.405,1.518,0.659,0.659,K,61LTI
938,1587.06,0.455,1.619,0.618,0.815,K,61LTI
939,184.916,0.851,1.732,0.577,0.924,LOF,61LTI
940,3810.873,0.183,1.88,0.532,0.551,LOF,61LTI
941,41.807,0.589,1.218,0.821,0.765,K,61LTI
942,62.711,1.0,1.077,0.929,0.907,LOF,61LTI
943,45.023,0.604,2.709,0.369,0.789,K,61LTI
944,3.216,1.0,2.0,0.5,1.0,LOF,61LTI
945,35.375,0.535,2.597,0.385,0.688,LOF,61LTI
946,67.534,0.772,1.343,0.744,0.848,LOF,61LTI
947,17.688,0.715,2.164,0.462,0.759,LOF,61LTI
948,45.023,0.867,1.826,0.548,0.862,K,61LTI
949,4690.429,0.146,3.325,0.301,0.549,LOF,61LTI
950,29256.892,0.264,1.441,0.694,0.737,LOF,61LTI
951,3953.982,0.841,1.38,0.725,0.95,K,61LTI
952,4172.665,0.628,1.848,0.541,0.895,K,61LTI
953,1894.181,0.318,2.186,0.457,0.73,LOF,61LTI
954,36624.58,0.118,2.471,0.405,0.573,LOF,61LTI
955,1324.962,0.805,1.393,0.718,0.932,K,61LTI
956,1.608,1.0,1.0,1.0,1.0,LOF,61LTI
957,26623.048,0.249,3.097,0.323,0.809,LOF,61LTI
958,2051.761,0.259,1.4,0.714,0.755,K,61LTI
959,1125.574,0.565,2.007,0.498,0.884,K,61LTI
960,836.141,0.596,1.96,0.51,0.885,K,61LTI
961,1312.098,0.694,1.298,0.77,0.917,K,61LTI
962,686.6,0.792,1.247,0.802,0.91,K,61LTI
963,1.608,1.0,1.0,1.0,1.0,LOF,61LTI
964,9.648,1.0,1.5,0.667,1.0,LOF,61LTI
965,1.608,1.0,1.0,1.0,1.0,K,61LTI
966,194.564,0.85,1.405,0.712,0.9,K,61LTI
967,5344.87,0.519,2.103,0.475,0.92,K,61LTI
968,2220.597,0.29,1.168,0.857,0.809,K,61LTI
969,5465.467,0.486,2.787,0.359,0.851,K,61LTI
970,1498.622,0.579,1.988,0.503,0.859,K,61LTI
971,1.608,1.0,1.0,1.0,1.0,LOF,61LTI
972,3.216,0.785,2.646,0.378,0.667,LOF,61LTI
973,41.807,0.666,2.045,0.489,0.8,LOF,61LTI
974,149.541,0.3,2.867,0.349,0.61,LOF,61LTI
975,9.648,0.809,2.237,0.447,0.857,LOF,61LTI
976,82.006,0.809,1.772,0.564,0.887,LOF,61LTI
977,28.943,0.629,2.581,0.387,0.75,LOF,61LTI
978,953.522,0.462,2.379,0.42,0.815,K,61LTI
979,24.119,0.481,4.143,0.241,0.638,LOF,61LTI
980,170.444,0.371,1.95,0.513,0.614,LOF,61LTI
981,30808.577,0.217,2.258,0.443,0.712,LOF,61LTI
982,28702.145,0.102,2.002,0.499,0.638,LOF,61LTI
983,25841.578,0.263,1.533,0.652,0.763,LOF,61LTI
984,6290.352,0.372,1.261,0.793,0.676,LOF,61LTI
985,1.608,1.0,1.0,1.0,1.0,LOF,61LTI
986,43.415,0.836,1.442,0.693,0.871,LOF,61LTI
987,39821.211,0.164,2.237,0.447,0.706,LOF,61LTI
988,62.711,0.949,1.34,0.746,0.918,K,61LTI
989,390.735,0.226,6.935,0.144,0.681,LOF,61LTI
990,13440.965,0.25,1.258,0.795,0.721,LOF,61LTI
991,3.216,1.0,2.0,0.5,1.0,K,61LTI
992,26303.063,0.203,1.359,0.736,0.751,LOF,61LTI
993,21086.831,0.241,2.508,0.399,0.72,LOF,61LTI
994,5679.326,0.632,1.615,0.619,0.888,K,61LTI
995,1432.695,0.53,2.516,0.397,0.879,K,61LTI
996,3206.279,0.644,1.782,0.561,0.943,K,61LTI
997,1582.236,0.095,3.221,0.31,0.566,LOF,61LTI
998,35354.289,0.141,2.281,0.438,0.479,LOF,61LTI
999,2989.204,0.393,3.392,0.295,0.761,LOF,61LTI
1000,113022.131,0.08,3.022,0.331,0.46,LOF,61LTI
1001,4878.561,0.126,1.474,0.678,0.474,LOF,61LTI
1002,6409.342,0.296,2.141,0.467,0.646,LOF,61LTI
1003,2381.394,0.143,1.261,0.793,0.648,LOF,61LTI
1004,32098.163,0.155,2.81,0.356,0.568,LOF,61LTI
1005,3378.331,0.632,1.191,0.839,0.856,K,61LTI
1006,110672.897,0.267,1.94,0.515,0.729,LOF,61LTI
1007,11131.93,0.217,1.486,0.673,0.622,LOF,61LTI
1008,35736.984,0.172,1.738,0.575,0.622,LOF,61LTI
1009,2329.939,0.164,1.865,0.536,0.652,LOF,61LTI
1010,49798.623,0.078,2.124,0.471,0.434,LOF,61LTI
1011,40380.782,0.326,3.171,0.315,0.743,LOF,61LTI
1012,471.133,0.65,2.394,0.418,0.889,LOF,61LTI
1013,6518.683,0.461,1.309,0.764,0.75,LOF,61LTI
1014,731.623,0.437,3.88,0.258,0.85,LOF,61LTI
1015,5573.01,0.169,4.513,0.222,0.56,LOF,77LMB
1016,10236.536,0.425,1.136,0.88,0.802,LOF,77LMB
1017,13153.659,0.597,1.866,0.536,0.894,K,77LMB
1018,1947.973,0.702,2.104,0.475,0.926,K,77LMB
1019,7382.304,0.186,2.721,0.368,0.419,LOF,77LMB
1020,3318.65,0.571,1.162,0.86,0.88,LOF,77LMB
1021,557.946,0.768,1.354,0.738,0.912,LOF,77LMB
1022,9052.917,0.523,1.634,0.612,0.788,K,77LMB
1023,36695.434,0.483,1.695,0.59,0.873,K,77LMB
1024,3123.53,0.652,1.807,0.553,0.899,K,77LMB
1025,21343.855,0.314,2.768,0.361,0.655,LOF,77LMB
1026,1604.498,0.752,1.471,0.68,0.926,K,77LMB
1027,898.196,0.712,1.548,0.646,0.894,K,77LMB
1028,5318.226,0.55,2.159,0.463,0.884,LOF,77LMB
1029,4734.479,0.508,2.223,0.45,0.837,LOF,77LMB
1030,2562.359,0.438,1.335,0.749,0.779,LOF,77LMB
1031,7166.22,0.256,2.303,0.434,0.577,LOF,77LMB
1032,72873.237,0.171,1.528,0.655,0.528,LOF,77LMB
1033,12058.73,0.423,1.917,0.522,0.771,LOF,77LMB
1034,16785.146,0.454,2.365,0.423,0.837,K,77LMB
1035,13013.366,0.721,1.598,0.626,0.943,LOF,77LMB
1036,39190.066,0.438,2.673,0.374,0.774,LOF,77LMB
1037,2950.986,0.308,2.817,0.355,0.743,LOF,77LMB
1038,4594.186,0.71,1.409,0.71,0.915,K,77LMB
1039,39799.614,0.313,2.035,0.491,0.657,LOF,77LMB
1040,207747.826,0.244,2.187,0.457,0.712,LOF,77LMB
1041,16962.527,0.753,1.375,0.727,0.964,K,77LMB
1042,100781.827,0.175,1.639,0.61,0.609,LOF,77LMB
1043,24217.439,0.144,2.34,0.427,0.559,LOF,77LMB
1044,55734.94,0.127,3.534,0.283,0.43,LOF,77LMB
1045,833.694,0.634,1.74,0.575,0.851,K,77LMB
1046,1549.671,0.617,2.078,0.481,0.904,K,77LMB
1047,8972.289,0.534,2.051,0.487,0.864,K,77LMB
1048,3151.32,0.517,2.181,0.458,0.807,K,77LTI
1049,1747.155,0.548,1.361,0.735,0.791,K,77LTI
1050,212.557,0.615,2.091,0.478,0.79,K,77LTI
1051,1988.697,0.656,1.608,0.622,0.92,K,77LTI
1052,19320.15,0.69,1.293,0.773,0.914,LOF,77LTI
1053,30654.917,0.145,3.024,0.331,0.612,LOF,77LTI
1054,6059.487,0.482,2.793,0.358,0.867,K,77LTI
1055,966.169,0.378,3.568,0.28,0.744,LOF,77LTI
1056,526.562,0.386,3.409,0.293,0.795,LOF,77LTI
1057,697.252,0.171,6.276,0.159,0.598,LOF,77LTI
1058,23605.108,0.147,1.343,0.744,0.769,LOF,77LTI
1059,1.61,1.0,1.0,1.0,1.0,LOF,77LTI
1060,1742.324,0.582,1.567,0.638,0.81,K,77LTI
1061,1478.238,0.566,1.91,0.524,0.866,K,77LTI
1062,32680.651,0.146,1.934,0.517,0.54,LOF,77LTI
1063,86992.204,0.097,1.803,0.555,0.452,LOF,77LTI
1064,114395.965,0.094,1.673,0.598,0.671,LOF,77LTI
1065,7130.324,0.355,2.065,0.484,0.668,K,77LTI
1066,2304.312,0.221,1.793,0.558,0.683,K,77LTI
1067,83109.817,0.221,1.943,0.515,0.669,LOF,77LTI
1068,24378.042,0.525,1.419,0.705,0.862,LOF,77LTI
1069,190.013,0.703,1.986,0.504,0.837,LOF,77LTI
1070,51.529,0.604,1.706,0.586,0.711,LOF,77LTI
1071,177.131,0.652,1.619,0.618,0.783,LOF,77LTI
1072,135.264,0.371,2.538,0.394,0.659,LOF,77LTI
1073,65820.231,0.198,2.748,0.364,0.73,LOF,77LTI
1074,565.209,0.374,4.185,0.239,0.822,LOF,77LTI
1075,3260.819,0.729,1.44,0.694,0.945,K,77LTI
1076,36526.001,0.299,1.233,0.811,0.771,LOF,77LTI
1077,513.68,0.623,1.626,0.615,0.841,LOF,77LTI
1078,29633.999,0.176,2.328,0.43,0.585,LOF,77LTI
1079,10941.859,0.535,1.955,0.512,0.886,LOF,77LTI
1080,3481.427,0.697,1.661,0.602,0.91,K,77LTI
1081,5679.461,0.695,1.859,0.538,0.952,K,77LTI
